id,ogc_fid,gml_id,id_atracti,id_municip,id_tipoatr,lat,lon,nombre,tipo_atrac,localizaci
atractivos_turisticos2012.1,1,atractivos_turisticos2012.1,431,80,44,-20.747034,-68.233466,Aguas Termales de Empexa,Sitios naturales,Comunidad Canquella
atractivos_turisticos2012.2,2,atractivos_turisticos2012.2,396,59,44,-18.094515,-69.011993,Aguas Termales Manasaya,Sitios naturales,Comunidad de Manasaya  en una de las faldas del Nevado Sajama
atractivos_turisticos2012.3,3,atractivos_turisticos2012.3,435,84,44,-20.746779,-68.051293,Aguas Termales Volcan Olca,Sitios naturales,Ladera del pueblo San Pedro de Quemes
atractivos_turisticos2012.4,4,atractivos_turisticos2012.4,341,55,6,-17.932437,-67.13479,Arenales de San Pedro,Sitios naturales,a 2 km de la ciudad de Oruro
atractivos_turisticos2012.5,5,atractivos_turisticos2012.5,362,67,104,-16.558276,-68.674685,Artesania en Ceramica,Patrimonio y manifestaciones culturales,Se las encuentra en el Centro Artesanal que estï¿½ situado frente al Museo Regio
atractivos_turisticos2012.6,6,atractivos_turisticos2012.6,368,69,32,-16.168413,-69.091798,Bahia de Copacabana,Sitios naturales,Se encuentra a 400 mts de la Plaza principal de Copacabana
atractivos_turisticos2012.7,7,atractivos_turisticos2012.7,327,55,44,-17.879105,-67.033482,Balneario de Capachos,Sitios naturales,A 10 kilï¿½metros de la ciudad rumbo Noreste
atractivos_turisticos2012.8,8,atractivos_turisticos2012.8,381,53,44,-19.568848,-65.760727,Balneario de Miraflores,Sitios naturales,Sin datos
atractivos_turisticos2012.9,9,atractivos_turisticos2012.9,439,85,68,-21.499136,-64.760158,Balneario de Tomatitas,Sitios naturales,A 5 Km Del centro de la ciudad de Tarija antes de llegar a San Lorenzo
atractivos_turisticos2012.10,10,atractivos_turisticos2012.10,369,69,81,-16.166146,-69.085471,Basilica y Museo de Copacabana,Patrimonio y manifestaciones culturales,Se encuentra ubicada en la Plaza Principal 2 de Febrero
atractivos_turisticos2012.11,11,atractivos_turisticos2012.11,190,43,23,-18.147809,-63.643284,Bella Vista - Codo de los Andes,Sitios naturales,A 100 km de Santa Cruz y a 20 de Samaipata
atractivos_turisticos2012.12,12,atractivos_turisticos2012.12,388,59,19,-18.029234,-68.954315,Bosques de Kenua,Sitios naturales,Comunidad de Manasaya  en una de las faldas del Nevado Sajama
atractivos_turisticos2012.13,13,atractivos_turisticos2012.13,199,49,73,-17.783852,-63.182362,Brigada Parlamentaria,Patrimonio y manifestaciones culturales,c/Independencia Acera sur de la Plaza 24 de Septiembre
atractivos_turisticos2012.14,14,atractivos_turisticos2012.14,351,66,99,-16.496234,-68.138747,Calles de las Brujas,Patrimonio y manifestaciones culturales,Calle Jose M Linares
atractivos_turisticos2012.15,15,atractivos_turisticos2012.15,158,38,23,-18.072308,-65.785275,Canon de Torotoro,Sitios naturales,Norte del pueblo de Torotoro
atractivos_turisticos2012.16,16,atractivos_turisticos2012.16,205,49,73,-17.783829,-63.181475,Casa Cafe Lorca,Patrimonio y manifestaciones culturales,c/Renï¿½ Moreno esq c/Sucre frente a la plaza
atractivos_turisticos2012.17,17,atractivos_turisticos2012.17,195,49,84,-17.783331,-63.182829,Casa de la Cultura Raul Otero Reiche,Patrimonio y manifestaciones culturales,Calle Independencia Acera oeste de la plaza 24 de Septiembre
atractivos_turisticos2012.18,18,atractivos_turisticos2012.18,393,54,74,-19.047028,-65.260359,Casa de la Libertad,Patrimonio y manifestaciones culturales,Plaza 25 de Mayo Nï¿½ 11
atractivos_turisticos2012.19,19,atractivos_turisticos2012.19,376,52,74,-21.532667,-64.73445,Casa Dorada,Patrimonio y manifestaciones culturales,Calle Ingavi esq General Trigo
atractivos_turisticos2012.20,20,atractivos_turisticos2012.20,191,49,72,-17.783823,-63.182781,Casco Viejo o centro historico,Patrimonio y manifestaciones culturales,Centro de la Ciudad
atractivos_turisticos2012.21,21,atractivos_turisticos2012.21,378,52,73,-21.534388,-64.726773,Castillo Azul,Patrimonio y manifestaciones culturales,Calle Bolï¿½var entre Oconnor y Junï¿½n
atractivos_turisticos2012.22,22,atractivos_turisticos2012.22,239,54,73,-19.08476,-65.267749,Castillo de la Glorieta,Patrimonio y manifestaciones culturales,5 km suroeste de la ciudad de Sucre
atractivos_turisticos2012.23,23,atractivos_turisticos2012.23,200,49,73,-17.783788,-63.181684,Catedral Basilica Menor de San Lorenzo,Patrimonio y manifestaciones culturales,c/Renï¿½ Moreno
atractivos_turisticos2012.24,24,atractivos_turisticos2012.24,231,52,75,-21.532611,-64.735912,Catedral Metropolitana,Patrimonio y manifestaciones culturales,Plaza 25 de Mayo esq Calle Nicolas Ortï¿½z
atractivos_turisticos2012.25,25,atractivos_turisticos2012.25,240,54,73,-19.048729,-65.259951,Catedral Metropolitana,Patrimonio y manifestaciones culturales,Calle Campero esquina La Madrid
atractivos_turisticos2012.26,26,atractivos_turisticos2012.26,160,38,41,-18.114611,-65.812697,Caverna de Umajalanta,Sitios naturales,Oeste del pueblo de Torotoro
atractivos_turisticos2012.27,27,atractivos_turisticos2012.27,178,34,74,-20.476391,-66.830524,Cementerio de Trenes,Patrimonio y manifestaciones culturales,3km Sudoeste de la ciudad de Uyuni por la Av Ferroviaria
atractivos_turisticos2012.28,28,atractivos_turisticos2012.28,241,54,74,-19.052667,-65.268285,Cementerio General de Sucre,Obras arquitectonicas y civiles,Calle Josï¿½ Manuel Linares
atractivos_turisticos2012.29,29,atractivos_turisticos2012.29,165,38,79,-18.133551,-65.763442,Centro Artesanal de la Mujer (Rosas Tikas),Patrimonio y manifestaciones culturales,Centro poblado de Torotoro Calle Del Olvido lado Campamento central del Parque N
atractivos_turisticos2012.30,30,atractivos_turisticos2012.30,206,49,84,-17.783323,-63.181491,Centro Cultural Franco Aleman,Patrimonio y manifestaciones culturales,c/24 de septiembre frente a la Plaza
atractivos_turisticos2012.31,31,atractivos_turisticos2012.31,448,87,84,-14.433558,-67.538803,Centro Cultural Tacana,Patrimonio y manifestaciones culturales,Centro poblado San Buenaventura
atractivos_turisticos2012.32,32,atractivos_turisticos2012.32,209,51,5,-16.186404,-67.726808,Cerro Uchumachi,Sitios naturales,En la parte alta del poblado
atractivos_turisticos2012.33,33,atractivos_turisticos2012.33,338,57,69,-17.83934,-67.60049,Chullpares de Vilaque,Patrimonio y manifestaciones culturales,Comunidad de Vilaque
atractivos_turisticos2012.34,34,atractivos_turisticos2012.34,385,59,69,-18.569457,-68.781509,Chullpares Policromos,Patrimonio y manifestaciones culturales,Ubicados sobre el Rï¿½o Lauca en la comunidad de Macaya
atractivos_turisticos2012.35,35,atractivos_turisticos2012.35,161,38,59,-18.090952,-65.726695,Ciudad de Itas (Ciudad de Piedra),Patrimonio y manifestaciones culturales,Oeste del pueblo de Torotoro
atractivos_turisticos2012.36,36,atractivos_turisticos2012.36,175,34,72,-20.458781,-66.824942,Ciudad de Uyuni,Obras arquitectonicas y civiles,Ciudad de Uyuni ubicada dentro la provincia Antonio Quijarro a 174 km de la ciud
atractivos_turisticos2012.37,37,atractivos_turisticos2012.37,198,49,74,-17.783709,-63.182714,Club social 24 de septiembre,Patrimonio y manifestaciones culturales,c/Ayacucho esq c/Independencia
atractivos_turisticos2012.38,38,atractivos_turisticos2012.38,358,67,69,-16.555705,-68.673441,Complejo Arqueologico Monumental Tiwanaku,Patrimonio y manifestaciones culturales,El Complejo Arqueolï¿½gico Monumental de Tiwanaku se encuentra a menos de 1 km d
atractivos_turisticos2012.39,39,atractivos_turisticos2012.39,296,50,74,-21.324978,-65.768301,Comunidad de Oploca,Patrimonio y manifestaciones culturales,Comunidad Oploca Noroeste de la ciudad de Tupiza
atractivos_turisticos2012.40,40,atractivos_turisticos2012.40,244,54,75,-19.049979,-65.261512,Convento de San Felipe de Neri,Patrimonio y manifestaciones culturales,Calle Nicolï¿½s Ortï¿½z Nï¿½ 165
atractivos_turisticos2012.41,41,atractivos_turisticos2012.41,248,53,75,-19.589049,-65.756157,Convento Museo Santa Teresa,Patrimonio y manifestaciones culturales,Calle Santa Teresa Esq Ayacucho
atractivos_turisticos2012.42,42,atractivos_turisticos2012.42,232,52,79,-21.533517,-64.73287,Convento San Franciscano y Museo Fray Francisco Miguel Marï¿½,Patrimonio y manifestaciones culturales,Iglesia Esquina calles Daniel Campos y La Madrid Museo Calle Colï¿½n entre Ingav
atractivos_turisticos2012.43,43,atractivos_turisticos2012.43,405,60,73,-17.38426,-66.135013,Cristo de la Concordia,Obras arquitectonicas y civiles,En la cima del Cerro de San Pedro
atractivos_turisticos2012.44,44,atractivos_turisticos2012.44,298,50,109,-21.508817,-65.70219,El Angosto,Obras arquitectonicas y civiles,Sur de la ciudad de Tupiza
atractivos_turisticos2012.45,45,atractivos_turisticos2012.45,370,69,75,-16.161735,-69.091721,El Calvario,Patrimonio y manifestaciones culturales,Final Calle Destacamento 211
atractivos_turisticos2012.46,46,atractivos_turisticos2012.46,287,50,23,-21.482223,-65.573045,El Canon del Duende,Sitios naturales,Comunidad Chifloca sureste de la ciudad de Tupiza
atractivos_turisticos2012.47,47,atractivos_turisticos2012.47,245,53,5,-19.609926,-65.750771,El Cerro Rico de Potosi,Sitios naturales,3 km Desde la plaza principal 10 de noviembre Zona alta Sur de la ciudad de Poto
atractivos_turisticos2012.48,48,atractivos_turisticos2012.48,167,43,69,-18.166667,-63.816667,El Fuerte de Samaipata,Patrimonio y manifestaciones culturales,A 8 km del municipio de Samaipata
atractivos_turisticos2012.49,49,atractivos_turisticos2012.49,291,50,117,-21.45027,-65.82154,El Sillar,Sitios naturales,Camino Atocha noroeste de Tupiza
atractivos_turisticos2012.50,50,atractivos_turisticos2012.50,284,50,21,-21.524028,-65.738025,El Toroyoj,Sitios naturales,Comunidad Chifloca sureste de la ciudad de Tupiza
atractivos_turisticos2012.51,51,atractivos_turisticos2012.51,159,38,37,-18.074038,-65.786555,El Vergel,Sitios naturales,Norte del pueblo de Torotoro
atractivos_turisticos2012.52,52,atractivos_turisticos2012.52,263,55,76,-17.964691,-67.113297,Faro de Conchupata,Patrimonio y manifestaciones culturales,Calle Presidente Montes lado Parque Eduardo Avaroa
atractivos_turisticos2012.53,53,atractivos_turisticos2012.53,426,83,97,-22.023511,-63.684311,"""Festival de la Frontera """"FESTIFRONT""""""",Patrimonio y manifestaciones culturales,Calle Ballivian Estadium Provincial de Yacuiba
atractivos_turisticos2012.54,54,atractivos_turisticos2012.54,375,69,69,-16.332824,-68.616686,Horca del Inca,Sitios naturales,Ubicados a los alrededores de Copacabana
atractivos_turisticos2012.55,55,atractivos_turisticos2012.55,443,66,4,-16.258845,-68.151996,Huayna Potosi,Sitios naturales,Ubicada al noroeste de Ciudad de La Paz y El Alto pertenece a varios municipios
atractivos_turisticos2012.56,56,atractivos_turisticos2012.56,162,38,60,-18.093318,-65.771235,Huellas de Dinosaurios,Patrimonio y manifestaciones culturales,Laderas del cerro Wayllas a un lado del rï¿½o Torotoro
atractivos_turisticos2012.57,57,atractivos_turisticos2012.57,234,52,75,-21.530146,-64.738989,Iglesia  Loma De San Juan,Patrimonio y manifestaciones culturales,Calle Bolï¿½var Final Barrio ï¿½El Molinoï¿½
atractivos_turisticos2012.58,58,atractivos_turisticos2012.58,282,59,75,-17.839782,-68.420492,Iglesia de Curahuara de Carangas,Patrimonio y manifestaciones culturales,Plaza del Pueblo Curahuara de Carangas
atractivos_turisticos2012.59,59,atractivos_turisticos2012.59,141,35,75,-11.024144,-68.773642,Iglesia de la Cruz Milagrosa,Patrimonio y manifestaciones culturales,Barrio La Cruz
atractivos_turisticos2012.60,60,atractivos_turisticos2012.60,252,53,75,-19.588909,-65.752597,Iglesia de San Benito,Patrimonio y manifestaciones culturales,Plaza Diego Huallpa S/N
atractivos_turisticos2012.61,61,atractivos_turisticos2012.61,437,85,75,-21.41863,-64.74963,Iglesia de San Lorenzo,Patrimonio y manifestaciones culturales,En la esquina de las calles Bustillos y Hï¿½roes del Chaco
atractivos_turisticos2012.62,62,atractivos_turisticos2012.62,253,53,75,-19.586195,-65.754851,Iglesia de San Lorenzo,Patrimonio y manifestaciones culturales,Sobre la Plaza Principal
atractivos_turisticos2012.63,63,atractivos_turisticos2012.63,259,55,81,-17.974896,-67.110783,Iglesia de San Miguel de la zona de La Rancheria,Patrimonio y manifestaciones culturales,Calle Velasco Galvarro entre calles San Felipe y Josï¿½ Balliviï¿½n
atractivos_turisticos2012.64,64,atractivos_turisticos2012.64,360,67,75,-16.553036,-68.680693,Iglesia de San Pedro,Patrimonio y manifestaciones culturales,La iglesia de San Pedro se encuentra ubicada en el centro de la poblaciï¿½n de T
atractivos_turisticos2012.65,65,atractivos_turisticos2012.65,260,55,81,-17.967186,-67.11439,Iglesia de Santo Domingo,Patrimonio y manifestaciones culturales,Calle Presidente Montes esquina Calle Ayacucho
atractivos_turisticos2012.66,66,atractivos_turisticos2012.66,363,68,74,-19.889716,-67.695349,Iglesia de Tahua,Patrimonio y manifestaciones culturales,La iglesia se encuentra a 100 mts del centro poblado ubicada en las orillas del
atractivos_turisticos2012.166,166,atractivos_turisticos2012.166,354,66,59,-16.565454,-68.092146,Valle de la Luna,Sitios naturales,Mallasa
atractivos_turisticos2012.67,67,atractivos_turisticos2012.67,389,59,73,-18.017154,-68.865738,Iglesia de Tomarapi,Patrimonio y manifestaciones culturales,Plaza de la Comunidad de Tomarapi
atractivos_turisticos2012.68,68,atractivos_turisticos2012.68,192,49,73,-17.783686,-63.185184,Iglesia La Merced,Patrimonio y manifestaciones culturales,c/Espaï¿½a esq c/Ayacucho
atractivos_turisticos2012.69,69,atractivos_turisticos2012.69,250,53,75,-19.588634,-65.747758,Iglesia Museo San Martin,Patrimonio y manifestaciones culturales,Calle Hoyos S/N
atractivos_turisticos2012.70,70,atractivos_turisticos2012.70,140,35,75,-11.017931,-68.753546,Iglesia Nuestra Senora del Pilar,Patrimonio y manifestaciones culturales,Plaza principal de Cobija
atractivos_turisticos2012.71,71,atractivos_turisticos2012.71,421,79,75,-21.259981,-63.476429,Iglesia San Francisco Solano,Patrimonio y manifestaciones culturales,Acera norte Plaza Central 6 de Agosto de Villamontes
atractivos_turisticos2012.72,72,atractivos_turisticos2012.72,235,52,75,-21.529468,-64.733099,Iglesia San Roque,Patrimonio y manifestaciones culturales,Callesï¿½Fray Manuel Mingo entre Campero y General Trigo
atractivos_turisticos2012.73,73,atractivos_turisticos2012.73,372,69,48,-16.041524,-69.069386,Isla de la Luna- Coati,Patrimonio y manifestaciones culturales,A 8 Km de la Isla del Sol
atractivos_turisticos2012.74,74,atractivos_turisticos2012.74,371,69,48,-16.021066,-69.173069,Isla del Sol,Patrimonio y manifestaciones culturales,A 16 km de Copacabana
atractivos_turisticos2012.75,75,atractivos_turisticos2012.75,428,80,43,-20.240294,-67.627716,Isla Incahuasi,Sitios naturales,Municipios de Llica y Tahua
atractivos_turisticos2012.76,76,atractivos_turisticos2012.76,427,80,43,-20.142338,-67.810364,Isla Pescado,Sitios naturales,Municipio de Llica
atractivos_turisticos2012.77,77,atractivos_turisticos2012.77,440,60,104,-17.402899,-66.155376,La Cancha,Patrimonio y manifestaciones culturales,C Tarata Plazuela San Antonio
atractivos_turisticos2012.78,78,atractivos_turisticos2012.78,261,55,73,-17.96787,-67.112556,La Casa de la Cultura,Patrimonio y manifestaciones culturales,Calle Soria Galvarro esquina Calle Ayacucho
atractivos_turisticos2012.79,79,atractivos_turisticos2012.79,233,53,79,-19.585022,-65.755405,La Casa de la Moneda,Patrimonio y manifestaciones culturales,Calle Ayacucho SN
atractivos_turisticos2012.80,80,atractivos_turisticos2012.80,144,35,73,-11.018237,-68.753675,La plaza principal German Busch.,Obras arquitectonicas y civiles,Calle La Paz esquina Calle Bruno Racua
atractivos_turisticos2012.81,81,atractivos_turisticos2012.81,242,54,74,-19.054507,-65.253903,La Recoleta,Patrimonio y manifestaciones culturales,Plaza de la Recoleta Sur de la Plaza 25 de Mayo
atractivos_turisticos2012.82,82,atractivos_turisticos2012.82,292,50,59,-21.52033,-65.70599,La Torre,Sitios naturales,Comunidad Tocloca Sur de la ciudad de Tupiza
atractivos_turisticos2012.83,83,atractivos_turisticos2012.83,330,63,29,-11.949917,-68.650009,Lago Bay,Sitios naturales,Situado a orillas del rï¿½o Manupiri - Reserva Manuripi
atractivos_turisticos2012.84,84,atractivos_turisticos2012.84,281,57,29,-18.794518,-67.077026,Lago Poopo,Sitios naturales,Villa Poopï¿½
atractivos_turisticos2012.85,85,atractivos_turisticos2012.85,367,69,29,-16.166063,-69.08555,Lago Titikaka,Sitios naturales,En la meseta del Collao en los Andes Centrales a una altura promedio de 3812 msn
atractivos_turisticos2012.86,86,atractivos_turisticos2012.86,441,70,54,-22.213947,-67.113247,Laguna Celeste,Sitios naturales,Quetena Chico
atractivos_turisticos2012.87,87,atractivos_turisticos2012.87,411,70,54,-22.218556,-67.762299,Laguna Colorada,Sitios naturales,Quetena Chico
atractivos_turisticos2012.88,88,atractivos_turisticos2012.88,380,53,30,-19.582111,-65.75592,Laguna de Tarapaya,Sitios naturales,26 Km De la ciudad
atractivos_turisticos2012.89,89,atractivos_turisticos2012.89,432,84,30,-20.7834,-68.010178,Laguna Hedionda,Sitios naturales,Comunidad Cabrera
atractivos_turisticos2012.90,90,atractivos_turisticos2012.90,172,37,30,-14.534441,-64.523679,Laguna Suï¿½rez,Sitios naturales,a solo 5 minutos de la ciudad
atractivos_turisticos2012.91,91,atractivos_turisticos2012.91,412,70,54,-22.792008,-67.841949,Laguna Verde y Laguna Blanca,Sitios naturales,Sitio de referencia - Huayllajara Comunidad - Quetena Grande
atractivos_turisticos2012.92,92,atractivos_turisticos2012.92,403,59,30,-18.098322,-68.829346,Laguna Wanaquta,Sitios naturales,Laderas del Nevado Sajama
atractivos_turisticos2012.93,93,atractivos_turisticos2012.93,265,55,113,-17.960159,-67.123548,Mina San Jose,Obras arquitectonicas y civiles,Zona Noreste de la ciudad a 5 kilï¿½metros del centro
atractivos_turisticos2012.94,94,atractivos_turisticos2012.94,353,66,76,-16.494629,-68.127658,Mirador Killi Killi,Obras arquitectonicas y civiles,Calle Braun Vï¿½ctor Ustariz Villa Pabï¿½n
atractivos_turisticos2012.95,95,atractivos_turisticos2012.95,251,53,87,-19.588669,-65.755087,Mirador Torre de la Compania de Jesï¿½s,Patrimonio y manifestaciones culturales,Calle Ayacucho S/N Edif Compaï¿½ï¿½a de Jesï¿½s
atractivos_turisticos2012.96,96,atractivos_turisticos2012.96,364,68,76,-19.887414,-67.694664,Mirador y observatorio astronomico del Volcan Tunupa,Sitios naturales,Las Mirador y Observatorio astronï¿½mico del Volcï¿½n Thunupa se encuentran en C
atractivos_turisticos2012.97,97,atractivos_turisticos2012.97,366,68,69,-19.88763,-67.694984,Momias de Coqueza,Patrimonio y manifestaciones culturales,Gruta de Coqueza
atractivos_turisticos2012.98,98,atractivos_turisticos2012.98,356,66,4,-16.562063,-68.056953,Muela del Diablo,Sitios naturales,12 km de la ciudad de La Paz
atractivos_turisticos2012.99,99,atractivos_turisticos2012.99,305,60,79,-17.395333,-66.157495,Museo arqueologico de  la Universidad Mayor de San Simon,Patrimonio y manifestaciones culturales,Calle Jordï¿½n 1999 esq Nataniel Aguirre
atractivos_turisticos2012.100,100,atractivos_turisticos2012.100,302,60,79,-17.374825,-66.152887,Museo Centro Simon I. Patino Palacio Portales,Patrimonio y manifestaciones culturales,zona Queru Queru Av Potosï¿½ Esq C Buenos Aires
atractivos_turisticos2012.101,101,atractivos_turisticos2012.101,249,53,79,-19.590919,-65.753057,Museo Convento de San Francisco,Patrimonio y manifestaciones culturales,Calle Tarija Esq Nogales
atractivos_turisticos2012.102,102,atractivos_turisticos2012.102,346,66,79,-16.491838,-68.135482,Museo Costumbrista Juan de Vargas,Patrimonio y manifestaciones culturales,c Apolinar Jaï¿½n
atractivos_turisticos2012.103,103,atractivos_turisticos2012.103,382,34,79,-20.462306,-66.824194,Museo de Arqueologia y Antropologico de los Andes Meridionales,Patrimonio y manifestaciones culturales,Av Arce entre Av Potosï¿½ y Colon
atractivos_turisticos2012.104,104,atractivos_turisticos2012.104,365,68,79,-19.887414,-67.694664,Museo de Chantani,Patrimonio y manifestaciones culturales,Secciï¿½n de Tahua canton coqueza
atractivos_turisticos2012.105,105,atractivos_turisticos2012.105,349,66,79,-16.494598,-68.134852,Museo de Etnografia y Folklore,Patrimonio y manifestaciones culturales,c Ingavi y Genaro Sanjinï¿½s 916
atractivos_turisticos2012.106,106,atractivos_turisticos2012.106,193,49,79,-17.783032,-63.183167,Museo de Historia,Patrimonio y manifestaciones culturales,c/Junï¿½n No 151
atractivos_turisticos2012.107,107,atractivos_turisticos2012.107,303,60,79,-17.394653,-66.159158,Museo de la Casona Santivanez,Patrimonio y manifestaciones culturales,c Santivï¿½ï¿½ez No 158 entre Ayacucho y Junï¿½n
atractivos_turisticos2012.108,108,atractivos_turisticos2012.108,347,66,79,-16.49199,-68.135769,Museo de Metales Preciosos Precolombinos,Patrimonio y manifestaciones culturales,c Apolinar Jaï¿½n
atractivos_turisticos2012.109,109,atractivos_turisticos2012.109,173,37,79,-14.485922,-64.541756,Museo Etnoarqueologico Kenneth Lee,Patrimonio y manifestaciones culturales,Av Ganadera a 7 minutos del centro de la ciudad
atractivos_turisticos2012.110,110,atractivos_turisticos2012.110,262,55,79,-17.967038,-67.118768,Museo Etnografico Minero,Patrimonio y manifestaciones culturales,Calle Baptista esquina Adolfo Mier
atractivos_turisticos2012.111,111,atractivos_turisticos2012.111,142,35,79,-11.031916,-68.764479,Museo Historico de Pando,Patrimonio y manifestaciones culturales,Av 9 de febrero frente a la Plaza del Carretï¿½n
atractivos_turisticos2012.112,112,atractivos_turisticos2012.112,418,79,79,-21.260341,-63.475785,Museo Historico Militar Heroes del Chaco,Patrimonio y manifestaciones culturales,Acera norte de la Plaza Central 6 de Agosto de Villamontes
atractivos_turisticos2012.113,113,atractivos_turisticos2012.113,246,53,79,-19.585345,-65.755234,"""Museo Historico Minero """"Diego Huallpa""""""",Patrimonio y manifestaciones culturales,35 Km de plaza principal Mina Pailaviri - Cerro Rico Zona Pailaviri
atractivos_turisticos2012.114,114,atractivos_turisticos2012.114,176,37,79,-14.8124,-64.8955,Museo Icticola CIRA-UAB,Obras arquitectonicas y civiles,sobre la av ganadera a 10 minutos del centro de la ciudad dentro del Campus Univ
atractivos_turisticos2012.115,115,atractivos_turisticos2012.115,247,53,75,-19.588979,-65.753327,Museo Iglesia Matriz Santa Basilica Catedral,Patrimonio y manifestaciones culturales,Calle Hoyos Plaza 10 de Noviembre
atractivos_turisticos2012.116,116,atractivos_turisticos2012.116,166,38,79,-18.134871,-65.762272,Museo Litico Pachamama Wasi,Patrimonio y manifestaciones culturales,Centro poblado de Torotoro calle Guadalupe entre Montes y Del Olvido
atractivos_turisticos2012.117,117,atractivos_turisticos2012.117,438,85,79,-21.417338,-64.749746,Museo Nacional Casa de Eustaquio Mendez,Patrimonio y manifestaciones culturales,A media cuadra de la plaza principal de San Lorenzo Sobre la calle Teï¿½filo Vac
atractivos_turisticos2012.118,118,atractivos_turisticos2012.118,348,66,79,-16.495871,-68.134646,Museo Nacional de Arte,Patrimonio y manifestaciones culturales,c Comercio
atractivos_turisticos2012.119,119,atractivos_turisticos2012.119,377,52,79,-21.534837,-64.735201,"Museo Paleontologico, Arqueologico e Historico",Patrimonio y manifestaciones culturales,El museo esta  ubicado en la calle General Trigo Nï¿½ 0402 Esq V Lema
atractivos_turisticos2012.120,120,atractivos_turisticos2012.120,359,67,79,-16.558698,-68.675614,Museo Regional Arqueologico de Tiwanaku,Patrimonio y manifestaciones culturales,El museo Regional Arqueolï¿½gico de Tiwanaku se encuentra ubicado en la poblaciï
atractivos_turisticos2012.121,121,atractivos_turisticos2012.121,350,66,79,-16.496354,-68.137226,Museo y Templo de San Francisco,Patrimonio y manifestaciones culturales,Av Mariscal de Santa Cruz y Sagï¿½rnaga
atractivos_turisticos2012.122,122,atractivos_turisticos2012.122,197,49,82,-17.783471,-63.182759,Palace Theater,Patrimonio y manifestaciones culturales,Calle Independencia Acera oeste de la plaza 24 de Septiembre
atractivos_turisticos2012.123,123,atractivos_turisticos2012.123,390,59,59,-17.839782,-68.410492,Palestras de Qala Chua,Sitios naturales,Ubicadas a escasos minutos del pueblo Curahuara
atractivos_turisticos2012.124,124,atractivos_turisticos2012.124,357,66,30,-16.327059,-68.078527,Pampalarama,Sitios naturales,Al norte a solo 20 Km de la ciudad de La Paz Comunidad Originaria Chacaltaya
atractivos_turisticos2012.125,125,atractivos_turisticos2012.125,391,54,73,-19.042262,-65.264498,Parque Bolivar,Obras arquitectonicas y civiles,Entre calles Pilinco Ladislao Cabrera y kilometro 7
atractivos_turisticos2012.126,126,atractivos_turisticos2012.126,243,54,69,-19.005813,-65.237179,Parque Cretacico,Patrimonio y manifestaciones culturales,Estï¿½ situado alrededor de 45 Km al este de la ciudad de Sucre
atractivos_turisticos2012.127,127,atractivos_turisticos2012.127,417,79,54,-21.21642,-63.459778,Parque Nacional Aguarague,Sitios naturales,Oeste de Villamontes
atractivos_turisticos2012.128,128,atractivos_turisticos2012.128,422,80,54,-19.850908,-68.249259,Parque Nacional Llica,Sitios naturales,Municipio de Llica
atractivos_turisticos2012.129,129,atractivos_turisticos2012.129,384,59,54,-18.13204,-68.952599,Parque Nacional Sajama,Sitios naturales,Noroeste del departamento de Oruro provincia Sajama Municipios Curahuara de Cara
atractivos_turisticos2012.130,130,atractivos_turisticos2012.130,406,60,54,-17.334519,-66.140978,Parque Nacional Tunari,Sitios naturales,Los municipios involucrados son Morochata Cochabamba Quillacollo Sipe Sipe Tiqui
atractivos_turisticos2012.131,131,atractivos_turisticos2012.131,445,87,54,-13.272026,-68.308411,Parque Nacional y Area de Manejo Integrado Madidi,Sitios naturales,Se ubica al norte del departamento de La Paz en la Provincias Franz Tamayo y Abe
atractivos_turisticos2012.132,132,atractivos_turisticos2012.132,425,83,75,-22.0182,-63.68077,"""Parroquia """"San Pedro Apostol""""""",Patrimonio y manifestaciones culturales,Acera Este de la Plazuela 6 de Agosto - Calle Santa Cruz
atractivos_turisticos2012.133,133,atractivos_turisticos2012.133,407,60,74,-17.393695,-66.156954,Plaza 14 de septiembre,Obras arquitectonicas y civiles,Entre calles Bolivar Sucre esteban Arce y Nataniel Aguirre
atractivos_turisticos2012.134,134,atractivos_turisticos2012.134,208,49,74,-17.783292,-63.182156,Plaza 24 de Septiembre,Obras arquitectonicas y civiles,Centro del casco viejo de la ciudad de Santa Cruz de la Sierra
atractivos_turisticos2012.135,135,atractivos_turisticos2012.135,424,83,73,-22.012809,-63.68032,Plaza de Armas o Plaza 12 de Agosto,Obras arquitectonicas y civiles,Calle Comercio entre Cochabamba y Crevaux
atractivos_turisticos2012.136,136,atractivos_turisticos2012.136,352,66,73,-16.495763,-68.133583,Plaza Murillo,Obras arquitectonicas y civiles,c Comercio
atractivos_turisticos2012.137,137,atractivos_turisticos2012.137,379,52,73,-21.534864,-64.734978,Plaza Principal Luis de Fuentes y Vargas,Obras arquitectonicas y civiles,Esta Ubicada en el centro de la ciudad entre las calles 15 de Abril General Trig
atractivos_turisticos2012.138,138,atractivos_turisticos2012.138,361,67,72,-16.552692,-68.681101,Poblacion de Tihuanaco,Obras arquitectonicas y civiles,Municipio de Tiahuanacu
atractivos_turisticos2012.139,139,atractivos_turisticos2012.139,278,57,74,-18.380775,-66.965341,Poblacion de Villa Poopo,Obras arquitectonicas y civiles,Poblado actual colindante con el pueblo Viejo de Poopï¿½
atractivos_turisticos2012.140,140,atractivos_turisticos2012.140,394,54,95,-19.0056,-65.5286,Potolo,Patrimonio y manifestaciones culturales,60 Km Desde la ciudad de Sucre
atractivos_turisticos2012.141,141,atractivos_turisticos2012.141,430,84,74,-20.747034,-68.050078,Pueblo Quemado,Patrimonio y manifestaciones culturales,Pueblo de  San Pedro de Quemes
atractivos_turisticos2012.142,142,atractivos_turisticos2012.142,139,35,108,-17.324175,-63.327697,Puente de la Amistad,Obras arquitectonicas y civiles,Nor este de la ciudad de Cobija
atractivos_turisticos2012.143,143,atractivos_turisticos2012.143,194,49,82,-17.783052,-63.182778,RECTORADO U.A.G.R.M,Patrimonio y manifestaciones culturales,Plaza 24 de septiembre acera oeste
atractivos_turisticos2012.144,144,atractivos_turisticos2012.144,238,52,105,-21.59631,-64.736967,Represa De San Jacinto,Obras arquitectonicas y civiles,A 10 Km Del centro de la ciudad
atractivos_turisticos2012.145,145,atractivos_turisticos2012.145,328,40,56,-14.25,-66.55,Reserva de la Biosfera y Territorio Indigena Pilon Lajas,Patrimonio y manifestaciones culturales,En gran parte de su perï¿½metro Pilï¿½n Lajas es de acceso relativamente fï¿½cil
atractivos_turisticos2012.146,146,atractivos_turisticos2012.146,331,63,54,-11.253837,-67.611695,Reserva Manuripi,Sitios naturales,Pertenece a los municipios de Filadelfia y Puerto Rico
atractivos_turisticos2012.147,147,atractivos_turisticos2012.147,415,70,54,-22.575974,-67.442322,Reserva Nacional de Fauna Andina Eduardo Avaroa,Sitios naturales,Municipio San Pablo de Lï¿½pez
atractivos_turisticos2012.148,148,atractivos_turisticos2012.148,323,62,54,-11.253837,-67.611695,Reserva Nacional de Vida Silvestre Amazonica Manuripi,Sitios naturales,Pertenece a los municipios de Filadelfia y Puerto Rico
atractivos_turisticos2012.149,149,atractivos_turisticos2012.149,326,62,38,-11.103284,-67.558903,Rio Manuripi,Sitios naturales,400 mtrsde la plaza principal pertenece a los municipios de Filadelfia y Puerto
atractivos_turisticos2012.150,150,atractivos_turisticos2012.150,324,62,38,-11.099673,-67.557659,Rio Orthon,Sitios naturales,500 mtrs de la plaza principal
atractivos_turisticos2012.151,151,atractivos_turisticos2012.151,325,62,38,-11.103284,-67.558903,Rio Tahuamanu,Sitios naturales,400 mts de la plaza principal
atractivos_turisticos2012.152,152,atractivos_turisticos2012.152,339,65,38,-11.238348,-68.685322,Rio Tahuamanu,Sitios naturales,El rio Tahuamanu se encuentra en la localidad de Porvenir a 30 km De la ciudad d
atractivos_turisticos2012.153,153,atractivos_turisticos2012.153,342,42,6,-19.15,-64.8833,Rostro de Carrillo,Sitios naturales,Este de la Carretera que une Sucre - Tarabuco
atractivos_turisticos2012.154,154,atractivos_turisticos2012.154,163,38,69,-18.136891,-65.761402,Ruinas de Llamachaki,Patrimonio y manifestaciones culturales,Sudeste del pueblo de Torotoro
atractivos_turisticos2012.155,155,atractivos_turisticos2012.155,373,69,72,-16.192256,-69.112473,Sahuina,Patrimonio y manifestaciones culturales,A 5 Km de Copacabana
atractivos_turisticos2012.156,156,atractivos_turisticos2012.156,444,58,24,-20.668766,-67.440033,Salar de Uyuni,Sitios naturales,El salar de Uyuni pertenece a los municipios de Tahua Llica Colcha k San Pedro d
atractivos_turisticos2012.157,157,atractivos_turisticos2012.157,374,69,72,-16.078805,-69.09874,Sampaya,Patrimonio y manifestaciones culturales,Se encuentra ubicada a orillas del Lago Titicaca a sï¿½lo 25 minutos de Copacaba
atractivos_turisticos2012.158,158,atractivos_turisticos2012.158,345,55,81,-17.967548,-67.119255,Santuario del Socavon,Patrimonio y manifestaciones culturales,Calle Baptista esquina Adolfo Mier
atractivos_turisticos2012.159,159,atractivos_turisticos2012.159,164,38,60,-18.135511,-65.761272,Siete Vueltas,Patrimonio y manifestaciones culturales,Sudoeste del pueblo de Torotoro
atractivos_turisticos2012.160,160,atractivos_turisticos2012.160,334,64,69,-19.615343,-67.766862,Sitio Arqueologico de Alcaya,Patrimonio y manifestaciones culturales,ubicada a 10 kilï¿½metros al noroeste de Salinas de Garcï¿½ Mendoza
atractivos_turisticos2012.161,161,atractivos_turisticos2012.161,419,79,74,-21.0833,-63.44667,Tarairu,Sitios naturales,Comunidad Tarairï¿½
atractivos_turisticos2012.162,162,atractivos_turisticos2012.162,335,64,75,-19.6333,-67.6833,Templo Colonial de Salinas de Garci Mendoz,Patrimonio y manifestaciones culturales,Ubicado en la Plaza principal del muncipio de  Salinas de Garci Mendoza del Depa
atractivos_turisticos2012.163,163,atractivos_turisticos2012.163,392,42,75,-19.18,-64.91,Templo San Pedro de Tarabuco,Patrimonio y manifestaciones culturales,Plaza Principal 12 de Marzo
atractivos_turisticos2012.164,164,atractivos_turisticos2012.164,322,60,74,-17.393865,-66.157072,Templo y Convento de San Francisco,Patrimonio y manifestaciones culturales,calle 25 de mayo entre la avenida Heroï¿½nas y la calle Bolï¿½var
atractivos_turisticos2012.165,165,atractivos_turisticos2012.165,383,34,73,-20.462922,-66.82399,Torre Reloj,Patrimonio y manifestaciones culturales,Av Potosï¿½ entre av Arce Ciudad de Uyuniï¿½
atractivos_turisticos2012.167,167,atractivos_turisticos2012.167,355,66,56,-16.555129,-68.093562,Valle de las animas,Sitios naturales,La Paz - Palca
atractivos_turisticos2012.168,168,atractivos_turisticos2012.168,293,50,43,-21.463932,-65.74228,Valle de los Machos,Sitios naturales,Comunidad Chifloca sureste de la ciudad de Tupiza
atractivos_turisticos2012.169,169,atractivos_turisticos2012.169,294,50,59,-21.33435,-65.74777,Vela Vela de San Miguel (La Poronga),Sitios naturales,En el camino entre Tupiza y Salo
atractivos_turisticos2012.170,170,atractivos_turisticos2012.170,333,64,4,-19.831111,-67.642879,Volcan de Tunupa,Sitios naturales,Salinas de Garci Mendoza
atractivos_turisticos2012.171,171,atractivos_turisticos2012.171,433,84,4,-20.294401,-67.738953,Volcan Iruputuncu,Sitios naturales,Comunidad Kana
atractivos_turisticos2012.172,172,atractivos_turisticos2012.172,414,70,59,-22.828244,-67.819977,Volcan Licacabur,Sitios naturales,Quetena Grande
atractivos_turisticos2012.173,173,atractivos_turisticos2012.173,413,70,59,-22.267811,-67.202682,Volcan Uturuncu,Sitios naturales,Quetena Chico